{
    "$schema": "http://schema.management.azure.com/schemas/2015-01-01/deploymentTemplate.json#",
    "contentVersion": "1.0.0.0",
    "parameters": {
        "factoryName": {
            "type": "string",
            "metadata": "Data Factory name",
            "defaultValue": "adf-netfllix-shivansh"
        },
        "datalake_con_accountKey": {
            "type": "secureString",
            "metadata": "Secure string for 'accountKey' of 'datalake_con'"
        },
        "datalake_con_properties_typeProperties_url": {
            "type": "string",
            "defaultValue": "https://netflixprojectshivansh.dfs.core.windows.net/"
        },
        "github_con_properties_typeProperties_url": {
            "type": "string",
            "defaultValue": "https://raw.githubusercontent.com/"
        },
        "containerUri": {
            "type": "string",
            "metadata": "URI to storage account containing linked ARM templates"
        },
        "containerSasToken": {
            "type": "string",
            "metadata": "Sas token to storage account containing linked ARM templates"
        }
    },
    "variables": {
        "factoryId": "[concat('Microsoft.DataFactory/factories/', parameters('factoryName'))]"
    },
    "resources": [
        {
            "name": "adf-netfllix-shivansh_ArmTemplate_0",
            "type": "Microsoft.Resources/deployments",
            "apiVersion": "2024-03-01",
            "properties": {
                "mode": "incremental",
                "templateLink": {
                    "uri": "[concat(parameters('containerUri'), '/ArmTemplate_0.json', parameters('containerSasToken'))]",
                    "contentVersion": "1.0.0.0"
                },
                "parameters": {
                    "factoryName": {
                        "value": "[parameters('factoryName')]"
                    },
                    "datalake_con_accountKey": {
                        "value": "[parameters('datalake_con_accountKey')]"
                    },
                    "datalake_con_properties_typeProperties_url": {
                        "value": "[parameters('datalake_con_properties_typeProperties_url')]"
                    },
                    "github_con_properties_typeProperties_url": {
                        "value": "[parameters('github_con_properties_typeProperties_url')]"
                    }
                }
            },
            "dependsOn": []
        }
    ]
}